---,Species,Stage,Attribute,HP,ATK,DEF,SPATK,SPDEF,SPD,ACC,EVA,MoveRange
Guilmon,"Guilmon","Rookie","Virus","50.000000","14.000000","8.000000","18.000000","8.000000","25.000000","100.000000","10.000000","1200.000000"
Growmon,"Growmon","Champion","Virus","70.000000","45.000000","30.000000","53.000000","32.000000","20.000000","100.000000","10.000000","1200.000000"
Megalogrowmon,"Megalogrowmon","Ultimate","Virus","95.000000","100.000000","96.000000","82.000000","42.000000","18.000000","100.000000","10.000000","1200.000000"
Dukemon,"Dukemon","Mega","Virus","162.000000","189.000000","164.000000","173.000000","147.000000","20.000000","100.000000","10.000000","1200.000000"
Plotmon,"Plotmon","Rookie","Vaccine","44.000000","14.000000","8.000000","15.000000","12.000000","25.000000","100.000000","10.000000","1200.000000"
Tailmon,"Tailmon","Champion","Vaccine","64.000000","48.000000","38.000000","30.000000","34.000000","30.000000","100.000000","10.000000","1200.000000"
Angewomon,"Angewomon","Ultimate","Vaccine","107.000000","57.000000","57.000000","102.000000","89.000000","20.000000","100.000000","10.000000","1200.000000"
Ofanimon,"Ofanimon","Mega","Vaccine","132.000000","149.000000","150.000000","200.000000","199.000000","25.000000","100.000000","10.000000","1200.000000"
